{
	"pages": [

		{
			"path": "pages/index/index",
			"style": {
				"navigationBarTitleText": "今日营养",
				"enablePullDownRefresh": false
			}
		},
		{
			"path": "pages/estimate/esitimate",
			"style": {
				"navigationBarTitleText": "食物估量",
				"enablePullDownRefresh": false
			}
		},
		{
			"path": "pages/index/recommend/recommend_example",
			"style": {
				"navigationBarTitleText": "",
				"enablePullDownRefresh": false,
				"navigationBarBackgroundColor":"#0050B3"
			}
		},
		{
			"path": "pages/index/query/result",
			"style": {
				"navigationBarTitleText": "Home Diet",
				"enablePullDownRefresh": false
			}
		},
		{
			"path": "pages/index/query/query",
			"style": {
				"navigationBarTitleText": "",
				"enablePullDownRefresh": false,
				"navigationBarBackgroundColor":"#0050B3"
			}
		},


		{
			"path": "pages/index/today/today_y",
			"style": {
				"navigationBarTitleText": "Home Diet",
				"enablePullDownRefresh": false,
			    "navigationBarBackgroundColor":"#0050B3"
			}
		},
		{
			"path": "pages/index/today/personal_info",
			"style": {
				"navigationBarTitleText": "Home Diet",
				"enablePullDownRefresh": false
			}
		},
		{
			"path": "pages/index/today/today_n",
			"style": {
				"navigationBarTitleText": "今日营养",
				"enablePullDownRefresh": false,
				"navigationBarBackgroundColor":"#0050B3"
			}
		},
		{
			"path": "pages/cart/cart",
			"style": {
				"navigationBarTitleText": "购物车",
				"enablePullDownRefresh": false
			}
		},

		{
			"path": "pages/market/market",
			"style": {
				"navigationBarTitleText": "生鲜超市",
				"enablePullDownRefresh": false
			}
		},
		{
			"path": "pages/order/order",
			"style": {
				"navigationBarTitleText": "订单管理",
				"enablePullDownRefresh": false
			}
		},
		{
		    "path" : "pages/goods-detail/goods-detail",
		    "style" :                                                                                    
		    {
		        "navigationBarTitleText": "商品信息",
		        "enablePullDownRefresh": false
		    }
		},
		{
			"path": "pages/mine/mine",
			"style": {
				"navigationBarTitleText": "我的",
				"navigationBarTextStyle": "white",
				"enablePullDownRefresh": false,
				"navigationBarBackgroundColor": "#bae7ff"
			}
		}
    ],
	"globalStyle": {
		"navigationBarTextStyle": "black",
		"navigationBarTitleText": "Home Diet",
		"navigationBarBackgroundColor": "#F8F8F8",
		"backgroundColor": "#F8F8F8",
		"app-plus": {
			"background": "#efeff4"
		}
	},
	"tabBar": {
		"height": "116rpx",
		"fontSize": "28rpx",
		"backgroundColor": "#FBFBFB",
		"borderStyle": "white",
		"list": [{
				"text": "首页",
				"pagePath": "pages/index/index",
				"iconPath": "static/icons/shouye.png",
				"selectedIconPath": "static/icons/shouye-2.png"
			},
			{
				"text": "生鲜超市",
				"pagePath": "pages/market/market",
				"iconPath": "static/icons/生鲜超市0.png",
				"selectedIconPath": "static/icons/生鲜超市1.png"
			},
			{
				"text": "购物车",
				"pagePath": "pages/cart/cart",
				"iconPath": "static/icons/gouwuche-3.png",
				"selectedIconPath": "static/icons/gouwuche-4.png"
			},
			{
				"text": "我的",
				"pagePath": "pages/mine/mine",
				"iconPath": "static/icons/我的0.png",
				"selectedIconPath": "static/icons/我的1.png"
			}
		]
	},
	"condition" : { //模式配置，仅开发期间生效
		"current": 0, //当前激活的模式(list 的索引项)
		"list": [
			{
				"name": "", //模式名称
				"path": "", //启动页面，必选
				"query": "" //启动参数，在页面的onLoad函数里面得到
			}
		]
	}

}
